{
  "poolTvl": 2354.738112464528,
  "xtPrice": 9.7850853026,
  "deflationRate": 1.036262275,
  "mingingOutput": 36262.275,
  "swap": {
    "totalAmount": 3.9213006718800005,
    "totalCount": 2,
    "lstDayAmount": 3.9213006718800005
  },
  "liquidity": {
    "totalAmount": 10754.939311501272,
    "lstDayAmount": 42.79285614586864
  },
  "farm": {
    "totalAmount": 9444.402671254787,
    "depositCount": 13,
    "lstDayAmount": 394.0877765263383
  },
  "tradeMing": {
    "totalAmount": 283511.37142708735,
    "lstDayAmount": 283511.37142708735
  },
  "lastTimeStamp": 1616577849
}