{
  "swap": {
    "totalAmount": 3.9213006718800005,
    "totalCount": 2
  },
  "liquidity": {
    "totalAmount": 10727.146455413904
  },
  "lastTimeStamp": 1616495027
}