{
  "poolTvl": 2354.738112464528,
  "xtPrice": 9.780752954,
  "deflationRate": 1.0459920249999999,
  "mingingOutput": 45992.025,
  "swap": {
    "totalAmount": 1631.9154534236802,
    "totalCount": 6,
    "lstDayAmount": 1631.91545342368
  },
  "liquidity": {
    "totalAmount": 258239.59973153705,
    "lstDayAmount": 247374.28101639368
  },
  "farm": {
    "totalAmount": 9444.402671254787,
    "depositCount": 13,
    "lstDayAmount": 394.0877765263383
  },
  "tradeMing": {
    "totalAmount": 283511.37142708735,
    "lstDayAmount": 283511.37142708735
  },
  "lastTimeStamp": 1616747192
}